{"cameraMode":{"drawMode":0,"name":"Shaded","section":"Shading Mode"},"sceneLighting":false,"audioPlay":false,"sceneViewState":{"m_AlwaysRefresh":false,"showFog":true,"showSkybox":false,"showFlares":true,"showImageEffects":true,"showParticleSystems":true,"showVisualEffectGraphs":true,"m_FxEnabled":true},"in2DMode":false,"pivot":{"x":5.960464477539063e-8,"y":1.0099999904632569,"z":10.119999885559082},"rotation":{"x":0.48523542284965517,"y":0.058934830129146579,"z":-0.032803114503622058,"w":0.8717806935310364},"size":1.4696941375732422,"orthographic":false}